run_index;run_name;nb_processes;nb_threads;time;ideal_speedup;speedup;efficiency;
0;1T;1;1;26.964044570923;1;1;1;
1;2T;1;2;50.298377990723;2;0.53608179126365;0.53608179126365;
2;4T;1;4;83.231155395508;4;0.32396576069132;0.32396576069132;
