run_index;run_name;nb_processes;nb_threads;time;ideal_speedup;speedup;efficiency;
0;1T;1;1;23.942541122437;1;1;1;
1;2T;1;2;43.716903686523;2;0.54767238993226;0.54767238993226;
2;4T;1;4;103.04644012451;4;0.2323470960618;0.2323470960618;
