run_index;run_name;nb_processes;nb_threads;time;ideal_speedup;speedup;efficiency;
0;1T;1;1;26.086191177368;1;1;1;
1;2T;1;2;39.034450531006;2;0.66828636813133;0.66828636813133;
2;4T;1;4;84.933647155762;4;0.3071361239148;0.3071361239148;
