block_id;module;source_info;time_p;time_s;time_s_min;time_s_avg;time_s_max;cov_deviation;time_deviation;nb_threads;
91;sobel;sobel.c:209-215;51.21;1.51;0.39;0.83;0.98;17.466106414795;0.19154933094978;8;
23;sobel;sobel.c:21-28;8.83;0.26;1.14;1.14;1.14;0;0;1;
93;sobel;sobel.c:204-215;2.97;0.09;0.03;0.05;0.07;1.1607677936554;0.012005200609565;8;
92;sobel;sobel.c:204-215;0.53;0.02;0;0.01;0.02;0.45041063427925;0.0063170175999403;7;
95;sobel;sobel.c:204-204;0.02;0;0;0;0;0.0062485756352544;0;2;
90;sobel;sobel.c:207-207;0.01;0;0;0;0;0;0;1;
