run_index;run_name;nb_processes;nb_threads;time;ideal_speedup;speedup;efficiency;
0;1T;1;1;24.771175384521;1;1;1;
1;2T;1;2;19.615306854248;2;1.262849241594;0.63142462079702;
2;4T;1;4;17.08017539978;4;1.4502881150061;0.36257202875153;
3;8T;1;8;15.093223571777;8;1.6412117177434;0.20515146471792;
4;16T;1;16;14.143460273743;16;1.7514225589129;0.10946390993206;
5;32T;1;32;13.847707748413;32;1.7888285797597;0.055900893117491;
