run_index;run_name;nb_processes;nb_threads;time;ideal_speedup;speedup;efficiency;
0;1T;1;1;33.007331848145;1;1;1;
1;2T;1;2;19.593074798584;2;1.6846427723805;0.84232138619024;
2;4T;1;4;19.886669158936;4;1.6597717588777;0.41494293971941;
3;8T;1;8;15.521936416626;8;2.1264957517021;0.26581196896276;
4;16T;1;16;14.282631874084;16;2.3110118736614;0.14443824210384;
5;32T;1;32;13.480373382568;32;2.4485472999455;0.076517103123296;
