run_index;run_name;nb_processes;nb_threads;time;ideal_speedup;speedup;efficiency;
0;1T;1;1;26.264068603516;1;1;1;
1;2T;1;2;22.065624237061;2;1.1902708176913;0.59513540884566;
2;4T;1;4;17.508359909058;4;1.5000873148563;0.37502182871407;
3;8T;1;8;15.623390197754;8;1.6810735871713;0.21013419839642;
4;16T;1;16;14.462010383606;16;1.8160731396852;0.11350457123033;
5;32T;1;32;13.578078269958;32;1.9342993965225;0.060446856141327;
